Workbook
Name Slicer_Category: #N/A
Name Slicer_Region: #N/A
Name Slicer_Supplier: #N/A

Sheet Raw Data
A1: Date | B1: Product | C1: Supplier | D1: Category | E1: Units Ordered | F1: Units Received | G1: Unit Cost | H1: Delivery Days | I1: Defect % | J1: Region | K1: Total Cost | L1: Delay Flag | M1: Quality Status
A2: 01-01-2026 | B2: Packaging A | C2: Supplier X | D2: Packaging | E2: 500 | F2: 480 | G2: 2.5 | H2: 5 | I2: 2 | J2: North | K2: =F2*G2 -> 1200 | L2: =IF(H1:H11>5,"Delayed","On Time") -> On Time | M2: =IF(I1:I11>2,"Poor","Good") -> Good
A3: 02-01-2026 | B3: Raw Makhana | C3: Supplier Y | D3: Raw Material | E3: 300 | F3: 300 | G3: 5 | H3: 3 | I3: 1 | J3: East | K3: =F3*G3 -> 1500 | L3: =IF(H2:H12>5,"Delayed","On Time") -> On Time | M3: =IF(I2:I12>2,"Poor","Good") -> Good
A4: 03-01-2026 | B4: Packaging B | C4: Supplier Z | D4: Packaging | E4: 400 | F4: 390 | G4: 2.8 | H4: 6 | I4: 3 | J4: West | K4: =F4*G4 -> 1092 | L4: =IF(H3:H13>5,"Delayed","On Time") -> Delayed | M4: =IF(I3:I13>2,"Poor","Good") -> Poor
A5: 04-01-2026 | B5: Spices Mix | C5: Supplier X | D5: Raw Material | E5: 200 | F5: 195 | G5: 4 | H5: 4 | I5: 2 | J5: North | K5: =F5*G5 -> 780 | L5: =IF(H4:H14>5,"Delayed","On Time") -> On Time | M5: =IF(I4:I14>2,"Poor","Good") -> Good
A6: 05-01-2026 | B6: Packaging A | C6: Supplier Y | D6: Packaging | E6: 600 | F6: 590 | G6: 2.4 | H6: 5 | I6: 1 | J6: South | K6: =F6*G6 -> 1416 | L6: =IF(H5:H15>5,"Delayed","On Time") -> On Time | M6: =IF(I5:I15>2,"Poor","Good") -> Good
A7: 06-01-2026 | B7: Raw Makhana | C7: Supplier Z | D7: Raw Material | E7: 350 | F7: 340 | G7: 5.2 | H7: 7 | I7: 4 | J7: East | K7: =F7*G7 -> 1768 | L7: =IF(H6:H16>5,"Delayed","On Time") -> Delayed | M7: =IF(I6:I16>2,"Poor","Good") -> Poor
A8: 07-01-2026 | B8: Packaging B | C8: Supplier X | D8: Packaging | E8: 450 | F8: 445 | G8: 2.7 | H8: 3 | I8: 1 | J8: West | K8: =F8*G8 -> 1201.5 | L8: =IF(H7:H17>5,"Delayed","On Time") -> On Time | M8: =IF(I7:I17>2,"Poor","Good") -> Good
A9: 08-01-2026 | B9: Spices Mix | C9: Supplier Y | D9: Raw Material | E9: 250 | F9: 240 | G9: 4.1 | H9: 6 | I9: 3 | J9: South | K9: =F9*G9 -> 984 | L9: =IF(H8:H18>5,"Delayed","On Time") -> Delayed | M9: =IF(I8:I18>2,"Poor","Good") -> Poor
A10: 09-01-2026 | B10: Packaging A | C10: Supplier Z | D10: Packaging | E10: 550 | F10: 530 | G10: 2.6 | H10: 5 | I10: 2 | J10: North | K10: =F10*G10 -> 1378 | L10: =IF(H9:H19>5,"Delayed","On Time") -> On Time | M10: =IF(I9:I19>2,"Poor","Good") -> Good
A11: 10-01-2026 | B11: Raw Makhana | C11: Supplier X | D11: Raw Material | E11: 300 | F11: 295 | G11: 5.1 | H11: 4 | I11: 1 | J11: East | K11: =F11*G11 -> 1504.5 | L11: =IF(H10:H20>5,"Delayed","On Time") -> On Time | M11: =IF(I10:I20>2,"Poor","Good") -> Good

Sheet Analysis
J1: Supplier | K1: Total Spend | M1: Supplier | N1: Avg Delivery Days
J2: Supplier X | K2: =SUMIF('Raw Data'!C2:C11,"Supplier X",'Raw Data'!K2:K11) -> 4686 | M2: Supplier X | N2: =AVERAGEIF('Raw Data'!C2:C11,"Supplier X",'Raw Data'!H2:H11) -> 4
J3: Supplier Y | K3: =SUMIF('Raw Data'!C2:C11,"Supplier Y",'Raw Data'!K2:K11) -> 3900 | M3: Supplier Y | N3: =AVERAGEIF('Raw Data'!C2:C11,"Supplier Y",'Raw Data'!H2:H11) -> 4.6666667
B4: Supplier Performance | G4: Category Spend | J4: Supplier Z | K4: =SUMIF('Raw Data'!C2:C11,"Supplier Z",'Raw Data'!K2:K11) -> 4238 | M4: Supplier Z | N4: =AVERAGEIF('Raw Data'!C2:C11,"Supplier Z",'Raw Data'!H2:H11) -> 6
B5: Row Labels | C5: Total Spend | D5: Average Delivery Days | E5: Average Defect % | G5: Row Labels | H5: Total Spend
B6: Supplier X | C6: 4686 | D6: 4 | E6: 1.5 | G6: Packaging | H6: 6287.5 | J6: Supplier | K6: Avg Defect % | M6: Category | N6: Total Spend
B7: Supplier Y | C7: 3900 | D7: 4.6666667 | E7: 1.6666667 | G7: Raw Material | H7: 6536.5 | J7: Supplier X | K7: =AVERAGEIF('Raw Data'!C2:C11,"Supplier X",'Raw Data'!I2:I11) -> 1.5 | M7: Packaging | N7: =SUMIF('Raw Data'!D2:D11,"Packaging",'Raw Data'!K2:K11) -> 6287.5
B8: Supplier Z | C8: 4238 | D8: 6 | E8: 3 | G8: Grand Total | H8: 12824 | J8: Supplier Y | K8: =AVERAGEIF('Raw Data'!C2:C11,"Supplier Y",'Raw Data'!I2:I11) -> 1.6666667 | M8: Raw Material | N8: =SUMIF('Raw Data'!D2:D11,"Raw Material",'Raw Data'!K2:K11) -> 6536.5
B9: Grand Total | C9: 12824 | D9: 4.8 | E9: 2 | J9: Supplier Z | K9: =AVERAGEIF('Raw Data'!C2:C11,"Supplier Z",'Raw Data'!I2:I11) -> 3
J11: Supplier | K11: Delayed Orders | L11: On-Time Orders | N11: Product | O11: Units Received
J12: Supplier X | K12: =COUNTIFS('Raw Data'!C2:C11,"Supplier X",'Raw Data'!L2:L11,J17) -> 0 | L12: =COUNTIFS('Raw Data'!C2:C11,"Supplier X",'Raw Data'!L2:L11,"On Time") -> 4 | N12: Packaging A | O12: =SUMIF('Raw Data'!B2:B11,"Packaging A",'Raw Data'!F2:F11) -> 1600
J13: Supplier Y | K13: =COUNTIFS('Raw Data'!C2:C11,"Supplier Y",'Raw Data'!L2:L11,"Delayed") -> 1 | L13: =COUNTIFS('Raw Data'!C2:C11,"Supplier Y",'Raw Data'!L2:L11,"On Time") -> 2 | N13: Packaging B | O13: =SUMIF('Raw Data'!B2:B11,"Packaging B",'Raw Data'!F2:F11) -> 835
J14: Supplier Z | K14: =COUNTIFS('Raw Data'!C2:C11,"Supplier Z",'Raw Data'!L2:L11,"Delayed") -> 2 | L14: =COUNTIFS('Raw Data'!C2:C11,"Supplier Z",'Raw Data'!L2:L11,"On Time") -> 1 | N14: Raw Makhana | O14: =SUMIF('Raw Data'!B2:B11,"Raw Makhana",'Raw Data'!F2:F11) -> 935
B15: Delay Analysis | G15: Product Demand | N15: Spices Mix | O15: =SUMIF('Raw Data'!B2:B11,"Spices Mix",'Raw Data'!F2:F11) -> 435
C16: Delayed | D16: On Time | E16: Grand Total | G16: Row Labels | H16: Units_Received
B17: Row Labels | E17: Grand Total | G17: Packaging A | H17: 1600
B18: Supplier X | C18: 500 | D18: 950 | E18: 1450 | G18: Packaging B | H18: 835
B19: Supplier Y | C19: 250 | D19: 900 | E19: 1150 | G19: Raw Makhana | H19: 935
B20: Supplier Z | C20: 750 | D20: 550 | E20: 1300 | G20: Spices Mix | H20: 435
B21: Grand Total | C21: 1500 | D21: 2400 | E21: 3900 | G21: Grand Total | H21: 3805

Sheet Dashboard
B1: Inventory & Supplier Performance Dashboard
B2: Procurement analytics view: cost, delivery, quality and demand
B3: Total Spend | F3: Avg Delivery Days | J3: Total Units Received | N3: Delayed Orders
B4: =SUM('Raw Data'!K2:K11) -> 12824 | F4: =AVERAGE('Raw Data'!H2:H11) -> 4.8 | J4: =SUM('Raw Data'!F2:F11) -> 3805 | N4: =COUNTIF('Raw Data'!L2:L11,"Delayed") -> 3 | R4: Key Insights
R5: • Supplier Z has the highest defect rate, indicating a quality risk. • Raw Material contributes slightly more spend than Packaging. • Supplier X shows the highest overall spend and steady delivery performance. • Supplier Z records the most delayed orders, making it the highest service-risk supplier.
R12: Project Scope
R13: This dashboard analyses procurement performance using four business views: • Supplier cost comparison • Category-level spend distribution • Delivery reliability (on-time vs delayed) • Product-level demand through units received
R22: Built in Excel using Pivot Tables, formulas, charts, and KPI cards to support supplier evaluation, cost optimisation, and inventory analysis.
